Date/Time,Open,High,Low,Close,Volume,Open Interest
2018-12-25,30.89,30.89,30.59,30.66,84960,0
2018-12-26,31.04,31.22,30.89,30.89,333590,0
2018-12-27,31.41,31.52,31.19,31.19,454860,0
2018-12-28,31.34,31.49,31.19,31.49,387170,0
2018-12-29,,,,,0,0
2018-12-30,,,,,0,0
2018-12-31,,,,,0,0
2019-01-01,,,,,0,0
2019-01-02,31.19,31.45,30.7,30.74,459120,0
2019-01-03,30.93,30.93,30.37,30.44,716600,0
2019-01-04,30.29,30.93,30.22,30.66,318570,0
2019-01-05,,,,,0,0
2019-01-06,,,,,0,0
2019-01-07,31.19,31.41,31.04,31.19,408470,0
2019-01-08,31.19,31.34,31.11,31.34,295660,0
2019-01-09,31.41,31.78,31.26,31.63,309040,0
2019-01-10,31.63,31.75,31.45,31.45,207330,0
2019-01-11,31.63,31.75,31.37,31.49,596090,0
2019-01-12,,,,,0,0
2019-01-13,,,,,0,0
2019-01-14,31.56,31.78,31.34,31.71,398400,0
2019-01-15,31.56,31.93,31.56,31.93,339480,0
2019-01-16,32.08,32.08,31.75,31.75,186590,0
2019-01-17,31.71,31.9,31.34,31.34,379770,0
2019-01-18,31.41,31.71,31.34,31.34,227150,0
2019-01-19,,,,,0,0
2019-01-20,,,,,0,0
2019-01-21,31.49,31.93,31.49,31.71,247800,0
2019-01-22,31.71,31.9,31.6,31.6,141480,0
2019-01-23,31.56,31.63,31.45,31.6,193460,0
2019-01-24,31.63,31.78,31.6,31.67,234470,0
2019-01-25,31.63,31.78,31.56,31.63,213470,0
2019-01-26,,,,,0,0
2019-01-27,,,,,0,0
2019-01-28,31.71,31.71,31.41,31.41,216330,0
2019-01-29,31.63,31.71,31.34,31.71,430580,0
2019-01-30,31.71,32.38,31.63,32.23,689260,0
2019-01-31,32.31,32.38,32.01,32.23,517260,0
2019-02-01,32.23,32.23,30.96,31.78,599890,0
2019-02-02,,,,,0,0
2019-02-03,,,,,0,0
2019-02-04,,,,,0,0
2019-02-05,,,,,0,0
2019-02-06,,,,,0,0
2019-02-07,,,,,0,0
2019-02-08,,,,,0,0
2019-02-09,,,,,0,0
2019-02-10,,,,,0,0
2019-02-11,32.08,33.05,31.86,32.94,1000430,0
2019-02-12,32.83,33.28,32.75,32.75,701570,0
2019-02-13,32.83,33.57,32.83,33.24,1125370,0
2019-02-14,33.31,33.5,33.01,33.01,616980,0
2019-02-15,33.01,33.16,32.83,32.98,647230,0
2019-02-16,,,,,0,0
2019-02-17,,,,,0,0
2019-02-18,33.2,33.28,32.9,33.13,306310,0
2019-02-19,33.35,33.69,33.05,33.13,1470880,0
2019-02-20,33.05,33.61,33.05,33.46,499430,0
2019-02-21,33.28,33.5,33.05,33.42,749950,0
2019-02-22,33.42,33.87,33.13,33.72,1243720,0
2019-02-23,,,,,0,0
2019-02-24,,,,,0,0
2019-02-25,34.02,34.47,33.91,33.95,1023660,0
2019-02-26,33.98,34.02,33.57,33.72,663220,0
2019-02-27,33.72,33.91,33.5,33.65,485650,0
2019-02-28,33.65,33.65,32.98,32.98,1372190,0
2019-03-01,33.24,33.28,32.94,33.28,590780,0
2019-03-02,,,,,0,0
2019-03-03,,,,,0,0
2019-03-04,33.28,33.72,33.28,33.57,806770,0
2019-03-05,33.57,33.72,33.42,33.5,824300,0
2019-03-06,33.54,33.65,33.16,33.28,695230,0
2019-03-07,33.28,33.57,33.28,33.39,374340,0
2019-03-08,33.35,33.42,33.16,33.31,693180,0
2019-03-09,,,,,0,0
2019-03-10,,,,,0,0
2019-03-11,33.31,33.46,33.16,33.2,364520,0
2019-03-12,33.39,34.69,33.39,34.69,1930870,0
2019-03-13,34.62,34.84,34.47,34.47,1001890,0
2019-03-14,34.47,34.69,34.32,34.51,533480,0
2019-03-15,34.54,34.54,34.13,34.32,1041840,0
2019-03-16,,,,,0,0
2019-03-17,,,,,0,0
2019-03-18,34.54,34.66,34.28,34.47,994080,0
2019-03-19,34.47,34.54,34.1,34.1,914720,0
2019-03-20,34.02,34.25,33.76,33.91,797270,0
2019-03-21,34.17,34.17,33.65,33.65,825740,0
2019-03-22,33.65,33.87,33.61,33.61,687690,0
2019-03-23,,,,,0,0
2019-03-24,,,,,0,0
2019-03-25,32.98,33.57,32.98,33.13,633520,0
2019-03-26,33.57,33.57,33.2,33.39,386120,0
2019-03-27,33.42,33.65,33.42,33.57,589040,0
2019-03-28,33.39,33.84,33.39,33.69,362360,0
2019-03-29,34.02,34.02,33.8,33.95,446750,0
2019-03-30,,,,,0,0
2019-03-31,,,,,0,0
2019-04-01,34.25,34.25,33.95,34.17,327500,0
2019-04-02,34.17,34.84,34.17,34.32,1354480,0
2019-04-03,34.62,35.22,34.32,35.22,1034100,0
2019-04-04,35.44,35.96,35.25,35.66,1716130,0
2019-04-05,35.66,35.74,35.4,35.66,615200,0
2019-04-06,,,,,0,0
2019-04-07,,,,,0,0
2019-04-08,35.55,35.81,35.4,35.66,452660,0
2019-04-09,35.66,36.19,35.29,35.29,1011680,0
2019-04-10,35.07,35.29,34.88,34.99,731100,0
2019-04-11,34.99,35.44,34.95,35.07,359910,0
2019-04-12,34.95,36.11,34.95,35.96,875090,0
2019-04-13,,,,,0,0
2019-04-14,,,,,0,0
2019-04-15,,,,,0,0
2019-04-16,35.44,35.96,35.44,35.74,907000,0
2019-04-17,36.04,36.93,35.96,36.19,1959530,0
2019-04-18,36.19,36.75,35.85,36.19,975930,0
2019-04-19,36.33,36.48,36.11,36.15,453980,0
2019-04-20,,,,,0,0
2019-04-21,,,,,0,0
2019-04-22,36.19,36.19,35.66,35.74,826090,0
2019-04-23,35.74,36.15,35.44,35.74,549400,0
2019-04-24,36.19,36.3,35.89,36.22,855130,0
2019-04-25,36.19,36.67,36.15,36.41,970660,0
2019-04-26,36.48,37.12,36.41,36.97,864950,0
2019-04-27,,,,,0,0
2019-04-28,,,,,0,0
2019-04-29,,,,,0,0
2019-04-30,,,,,0,0
2019-05-01,,,,,0,0
2019-05-02,37.16,37.45,37.04,37.19,885020,0
2019-05-03,37.23,37.3,37.01,37.3,1059570,0
2019-05-04,,,,,0,0
2019-05-05,,,,,0,0
2019-05-06,36.56,36.86,36.15,36.37,1455140,0
2019-05-07,36.63,37.08,36.6,37.08,1094880,0
2019-05-08,36.78,37.08,36.56,37.04,959020,0
2019-05-09,37.01,37.04,36.26,36.26,860940,0
2019-05-10,36.56,36.75,36.37,36.56,1027830,0
2019-05-11,,,,,0,0
2019-05-12,,,,,0,0
2019-05-13,36.56,37.16,36.56,36.93,850540,0
2019-05-14,36.89,37.9,36.63,37.45,1560830,0
2019-05-15,37.68,37.75,37.38,37.6,1539940,0
2019-05-16,37.6,37.83,37.04,37.04,1891290,0
2019-05-17,37.69,37.69,37.1,37.23,1487590,0
2019-05-18,,,,,0,0
2019-05-19,,,,,0,0
2019-05-20,37.27,37.94,37.27,37.9,1792130,0
2019-05-21,38.11,38.57,37.98,38.44,1016530,0
2019-05-22,38.44,38.65,37.9,37.9,1563650,0
2019-05-23,37.9,38.36,37.86,38.28,1267520,0
2019-05-24,38.11,38.49,37.9,38.19,1014750,0
2019-05-25,,,,,0,0
2019-05-26,,,,,0,0
2019-05-27,37.94,38.02,37.4,37.9,1261950,0
2019-05-28,37.69,38.02,37.48,37.56,518470,0
2019-05-29,37.56,37.56,36.85,36.94,1505300,0
2019-05-30,36.94,37.44,36.77,37.31,986450,0
2019-05-31,37.35,37.52,36.94,36.94,611860,0
2019-06-01,,,,,0,0
2019-06-02,,,,,0,0
2019-06-03,36.85,36.94,36.43,36.43,881810,0
2019-06-04,36.43,36.6,36.22,36.27,537160,0
2019-06-05,36.43,36.77,36.43,36.52,500100,0
2019-06-06,36.68,37.44,36.52,37.27,922740,0
2019-06-07,37.52,37.9,37.44,37.86,1304680,0
2019-06-08,,,,,0,0
2019-06-09,,,,,0,0
2019-06-10,38.11,38.28,37.52,37.77,1227340,0
2019-06-11,37.77,38.19,37.61,37.86,1296500,0
2019-06-12,37.86,38.19,37.69,37.73,1284520,0
2019-06-13,37.73,37.77,37.27,37.31,856270,0
2019-06-14,37.35,37.61,37.19,37.19,559800,0
2019-06-15,,,,,0,0
2019-06-16,,,,,0,0
2019-06-17,36.94,37.27,36.77,36.89,1013550,0
2019-06-18,37.15,37.23,36.64,36.89,763680,0
2019-06-19,37.1,37.44,37.02,37.4,530820,0
2019-06-20,37.56,38.02,37.4,38.02,1356030,0
2019-06-21,38.11,38.19,37.9,38.02,872460,0
2019-06-22,,,,,0,0
2019-06-23,,,,,0,0
2019-06-24,38.02,38.07,37.82,37.82,726160,0
2019-06-25,37.69,38.99,37.52,38.95,3269450,0
2019-06-26,38.95,38.95,38.61,38.65,1014470,0
2019-06-27,38.61,38.61,37.94,38.02,1221860,0
2019-06-28,37.98,38.53,37.61,38.11,2479220,0
2019-06-29,,,,,0,0
2019-06-30,,,,,0,0
2019-07-01,38.53,39.45,38.44,39.45,2551280,0
2019-07-02,39.36,39.78,39.07,39.28,1600280,0
2019-07-03,39.11,39.28,38.99,39.2,1275860,0
2019-07-04,39.36,39.53,39.2,39.32,1275800,0
2019-07-05,39.2,39.36,38.86,39.03,1137770,0
2019-07-06,,,,,0,0
2019-07-07,,,,,0,0
2019-07-08,38.95,39.28,38.57,38.78,1303050,0
2019-07-09,38.78,39.24,38.61,39.16,992570,0
2019-07-10,39.32,39.74,39.2,39.41,1281980,0
2019-07-11,39.49,39.57,39.2,39.36,854140,0
2019-07-12,39.45,39.74,39.2,39.36,1241970,0
2019-07-13,,,,,0,0
2019-07-14,,,,,0,0
2019-07-15,39.32,39.83,39.24,39.62,1176060,0
2019-07-16,39.66,40.04,39.57,39.62,1160000,0
2019-07-17,39.62,39.78,39.36,39.41,1292630,0
2019-07-18,39.36,39.45,39.2,39.2,1035440,0
2019-07-19,39.32,40.45,39.28,40.37,2811560,0
2019-07-20,,,,,0,0
2019-07-21,,,,,0,0
2019-07-22,40.37,40.75,40.16,40.5,1755780,0
2019-07-23,40.62,40.87,40.29,40.87,948550,0
2019-07-24,41.33,41.38,40.71,40.71,1952770,0
2019-07-25,40.71,41.0,40.62,40.75,1157100,0
2019-07-26,40.62,40.87,40.5,40.87,1043020,0
2019-07-27,,,,,0,0
2019-07-28,,,,,0,0
2019-07-29,40.87,40.87,40.37,40.71,1130450,0
2019-07-30,40.71,40.71,39.95,40.04,2092220,0
2019-07-31,40.04,40.54,39.78,40.54,1111880,0
2019-08-01,40.54,40.71,40.37,40.5,965060,0
2019-08-02,40.24,41.04,40.08,40.87,1451900,0
2019-08-03,,,,,0,0
2019-08-04,,,,,0,0
2019-08-05,40.91,41.71,40.87,41.04,2322100,0
2019-08-06,40.37,41.29,40.37,41.0,1304570,0
2019-08-07,41.04,41.67,41.0,41.67,1246410,0
2019-08-08,41.75,42.38,41.75,42.13,2085510,0
2019-08-09,42.13,43.05,41.88,42.8,1751680,0
2019-08-10,,,,,0,0
2019-08-11,,,,,0,0
2019-08-12,42.8,44.06,42.46,43.8,1817920,0
2019-08-13,43.64,44.56,43.3,43.97,2237980,0
2019-08-14,44.39,44.98,44.22,44.56,2205370,0
2019-08-15,44.3,45.24,43.88,45.24,2223880,0
2019-08-16,45.24,47.03,44.39,44.39,4531020,0
2019-08-17,,,,,0,0
2019-08-18,,,,,0,0
2019-08-19,44.47,44.98,43.7,44.73,2849780,0
2019-08-20,44.81,46.09,44.81,46.09,2277750,0
2019-08-21,46.18,46.52,45.58,45.75,1808020,0
2019-08-22,45.75,46.35,45.16,45.24,1892640,0
2019-08-23,45.33,46.44,44.9,46.44,1868200,0
2019-08-24,,,,,0,0
2019-08-25,,,,,0,0
2019-08-26,45.84,46.27,45.75,45.84,1756160,0
2019-08-27,46.09,46.35,45.07,45.07,1566370,0
2019-08-28,45.24,45.41,44.47,44.47,1537860,0
2019-08-29,44.56,45.07,44.3,44.98,972940,0
2019-08-30,45.24,45.58,45.16,45.33,708360,0
2019-08-31,,,,,0,0
2019-09-01,,,,,0,0
2019-09-02,,,,,0,0
2019-09-03,45.24,46.09,45.24,45.84,1360230,0
2019-09-04,45.84,46.27,45.24,45.41,1655300,0
2019-09-05,45.58,45.67,44.9,44.9,1243680,0
2019-09-06,45.16,45.41,44.64,45.16,1142710,0
2019-09-07,,,,,0,0
2019-09-08,,,,,0,0
2019-09-09,45.24,46.44,44.81,45.92,2507800,0
2019-09-10,46.27,46.44,45.75,46.09,1731610,0
2019-09-11,46.18,46.27,45.58,46.18,1179670,0
2019-09-12,46.44,48.23,46.44,48.23,3799910,0
2019-09-13,48.23,49.0,48.06,48.48,2123900,0
2019-09-14,,,,,0,0
2019-09-15,,,,,0,0
2019-09-16,48.57,49.51,48.4,49.25,1339560,0
2019-09-17,49.0,49.59,48.74,49.17,1194690,0
2019-09-18,49.42,49.42,48.06,48.14,2592910,0
2019-09-19,48.31,49.34,47.97,49.34,1432730,0
2019-09-20,49.25,50.19,49.17,49.68,1396120,0
2019-09-21,,,,,0,0
2019-09-22,,,,,0,0
2019-09-23,49.51,49.76,48.23,48.23,2313090,0
2019-09-24,48.14,48.66,47.63,47.97,2537600,0
2019-09-25,48.06,49.0,47.89,49.0,1442410,0
2019-09-26,49.25,49.51,48.83,49.25,992640,0
2019-09-27,49.17,50.19,49.0,49.94,2510520,0
2019-09-28,,,,,0,0
2019-09-29,,,,,0,0
2019-09-30,50.62,50.79,49.25,49.25,2199170,0
2019-10-01,49.25,49.94,49.17,49.94,1644130,0
2019-10-02,49.94,50.02,48.83,48.83,2439020,0
2019-10-03,48.31,49.0,48.14,48.83,2804850,0
2019-10-04,49.08,49.08,48.4,48.48,1271210,0
2019-10-05,,,,,0,0
2019-10-06,,,,,0,0
2019-10-07,48.48,48.83,47.37,47.37,2371810,0
2019-10-08,47.37,47.97,47.12,47.89,1337220,0
2019-10-09,48.06,48.66,47.63,48.14,937530,0
2019-10-10,48.31,48.66,48.14,48.14,808000,0
2019-10-11,48.4,48.57,48.14,48.23,794420,0
2019-10-12,,,,,0,0
2019-10-13,,,,,0,0
2019-10-14,48.66,49.68,48.48,49.25,2231030,0
2019-10-15,49.34,49.34,49.0,49.0,663910,0
2019-10-16,49.34,49.51,49.0,49.08,829050,0
2019-10-17,49.0,49.08,48.31,48.4,1621590,0
2019-10-18,48.48,49.17,48.31,48.74,1447340,0
2019-10-19,,,,,0,0
2019-10-20,,,,,0,0
2019-10-21,49.0,49.0,48.06,48.23,1260490,0
2019-10-22,48.23,48.31,47.55,48.06,1534380,0
2019-10-23,47.97,48.66,47.89,48.14,747810,0
2019-10-24,48.48,49.68,48.14,49.68,2233890,0
2019-10-25,49.76,49.94,49.25,49.51,1355310,0
2019-10-26,,,,,0,0
2019-10-27,,,,,0,0
2019-10-28,49.51,50.19,49.34,49.59,1494820,0
2019-10-29,49.68,49.76,49.34,49.42,953020,0
2019-10-30,49.34,49.59,49.17,49.34,1102070,0
2019-10-31,49.51,50.11,49.34,49.42,1263390,0
2019-11-01,49.51,50.11,49.17,49.94,1732950,0
2019-11-02,,,,,0,0
2019-11-03,,,,,0,0
2019-11-04,50.11,51.64,50.11,51.13,5811560,0
2019-11-05,51.22,51.3,50.7,51.05,1239520,0
2019-11-06,51.05,51.56,50.79,50.79,1551610,0
2019-11-07,50.79,51.13,50.53,50.79,1438030,0
2019-11-08,51.05,51.05,50.53,50.87,1219540,0
2019-11-09,,,,,0,0
2019-11-10,,,,,0,0
2019-11-11,51.05,51.73,50.79,51.22,2180490,0
2019-11-12,51.22,52.33,51.22,52.07,2842650,0
2019-11-13,52.24,52.33,51.64,51.64,1333940,0
2019-11-14,51.64,52.07,49.08,49.76,4799390,0
2019-11-15,49.76,50.19,49.25,50.02,2568040,0
2019-11-16,,,,,0,0
2019-11-17,,,,,0,0
2019-11-18,49.85,50.19,48.74,49.08,2794920,0
2019-11-19,49.17,49.76,49.08,49.76,1059770,0
2019-11-20,49.68,49.68,48.31,48.48,2291760,0
2019-11-21,48.48,48.74,47.72,47.8,3303950,0
2019-11-22,48.06,48.74,47.37,47.8,1625820,0
2019-11-23,,,,,0,0
2019-11-24,,,,,0,0
2019-11-25,47.89,48.66,47.63,48.31,1087990,0
2019-11-26,48.66,48.83,48.48,48.74,968690,0
2019-11-27,48.83,49.0,48.57,48.66,812280,0
2019-11-28,48.57,48.57,47.63,47.8,1370820,0
2019-11-29,47.8,48.48,47.63,48.14,739370,0
2019-11-30,,,,,0,0
2019-12-01,,,,,0,0
2019-12-02,48.23,48.23,46.61,46.61,1992380,0
2019-12-03,46.27,47.12,45.5,46.52,1619120,0
2019-12-04,46.52,47.37,46.09,47.29,932130,0
2019-12-05,47.37,47.63,46.78,46.86,1144000,0
2019-12-06,46.95,47.29,46.69,46.95,556160,0
2019-12-07,,,,,0,0
2019-12-08,,,,,0,0
2019-12-09,47.12,47.63,46.95,47.2,700960,0
2019-12-10,47.2,47.63,46.78,47.37,797100,0
2019-12-11,47.37,48.31,47.12,48.23,877960,0
2019-12-12,48.48,48.83,48.4,48.66,942410,0
2019-12-13,48.83,49.08,48.57,48.74,1681700,0
2019-12-14,,,,,0,0
2019-12-15,,,,,0,0
2019-12-16,48.74,48.74,48.14,48.23,968130,0
2019-12-17,47.97,48.14,47.03,47.29,2211360,0
2019-12-18,47.29,47.8,46.95,47.37,1022490,0
2019-12-19,47.37,47.97,47.29,47.63,817820,0
2019-12-20,47.8,48.4,47.63,48.23,777100,0
2019-12-21,,,,,0,0
2019-12-22,,,,,0,0
2019-12-23,48.57,48.66,47.8,47.89,766000,0
2019-12-24,48.06,48.23,47.89,48.14,692100,0
2019-12-25,48.14,49.42,48.14,49.08,1604350,0
2019-12-26,49.34,49.59,49.0,49.0,1124500,0
2019-12-27,49.0,49.34,48.48,49.17,1004860,0
2019-12-28,,,,,0,0
2019-12-29,,,,,0,0
2019-12-30,49.34,50.28,49.17,50.02,2881060,0
2019-12-31,50.02,50.11,49.51,49.76,689030,0
2020-01-01,,,,,0,0
2020-01-02,49.76,50.36,49.51,50.02,896720,0
2020-01-03,50.28,50.45,49.0,49.17,2047880,0
2020-01-04,,,,,0,0
2020-01-05,,,,,0,0
2020-01-06,48.74,49.17,48.48,48.66,1091660,0
2020-01-07,48.91,49.59,48.66,49.59,837240,0
2020-01-08,49.08,49.25,48.48,48.48,1814290,0
2020-01-09,48.91,49.25,48.74,49.17,967050,0
2020-01-10,49.08,49.34,48.74,49.08,1018650,0
2020-01-11,,,,,0,0
2020-01-12,,,,,0,0
2020-01-13,49.0,49.17,48.66,48.74,786760,0
2020-01-14,48.74,49.0,48.66,48.66,721680,0
2020-01-15,48.66,48.74,48.48,48.66,940870,0
2020-01-16,48.66,49.68,48.66,49.51,1942970,0
2020-01-17,49.51,49.59,48.66,49.17,1388810,0
2020-01-18,,,,,0,0
2020-01-19,,,,,0,0
2020-01-20,49.08,49.51,48.83,49.0,1227100,0
2020-01-21,49.34,49.51,47.37,47.37,4351820,0
2020-01-22,46.95,48.23,46.69,48.23,3165650,0
2020-01-23,,,,,0,0
2020-01-24,,,,,0,0
2020-01-25,,,,,0,0
2020-01-26,,,,,0,0
2020-01-27,,,,,0,0
2020-01-28,,,,,0,0
2020-01-29,,,,,0,0
2020-01-30,47.2,47.63,46.01,46.69,2638460,0
2020-01-31,46.09,46.86,44.39,44.39,4118150,0
2020-02-01,,,,,0,0
2020-02-02,,,,,0,0
2020-02-03,42.34,44.81,41.83,43.96,3602970,0
2020-02-04,44.64,44.73,43.53,44.22,1651440,0
2020-02-05,44.64,45.07,44.39,44.39,1648620,0
2020-02-06,44.81,45.75,44.22,45.75,1708550,0
2020-02-07,45.41,45.67,45.07,45.5,1218660,0
2020-02-08,,,,,0,0
2020-02-09,,,,,0,0
2020-02-10,44.73,45.24,44.47,44.9,738090,0
2020-02-11,45.16,45.84,44.98,45.75,1085380,0
2020-02-12,45.92,46.69,45.84,46.18,1104870,0
2020-02-13,46.18,46.44,45.84,46.35,1030570,0
2020-02-14,46.18,46.52,46.09,46.52,884240,0
2020-02-15,,,,,0,0
2020-02-16,,,,,0,0
2020-02-17,46.61,46.61,46.09,46.27,726390,0
2020-02-18,46.44,47.8,46.35,47.8,1760940,0
2020-02-19,47.72,47.97,47.37,47.55,681250,0
2020-02-20,47.89,48.14,47.37,47.63,780810,0
2020-02-21,47.72,47.72,46.69,46.69,1458040,0
2020-02-22,,,,,0,0
2020-02-23,,,,,0,0
2020-02-24,45.33,46.01,44.81,44.81,2261990,0
2020-02-25,44.47,46.09,44.39,46.09,1407720,0
2020-02-26,45.58,47.12,45.24,46.95,3221270,0
2020-02-27,46.95,48.23,46.61,47.8,2927040,0
2020-02-28,46.95,47.55,46.61,47.03,2132200,0
2020-02-29,,,,,0,0
2020-03-01,,,,,0,0
2020-03-02,47.03,47.97,46.78,47.55,1787060,0
2020-03-03,47.97,48.57,47.55,47.72,1193800,0
2020-03-04,47.37,47.37,46.86,47.37,1660790,0
2020-03-05,47.37,47.72,46.61,46.61,1296450,0
2020-03-06,46.27,46.35,45.67,46.09,1305030,0
2020-03-07,,,,,0,0
2020-03-08,,,,,0,0
2020-03-09,43.7,44.39,42.94,42.94,4735140,0
2020-03-10,43.53,44.39,42.94,44.13,2030340,0
2020-03-11,44.39,44.81,42.25,43.36,2753310,0
2020-03-12,41.48,42.08,40.38,41.06,3981670,0
2020-03-13,38.67,42.68,38.58,41.1,2919140,0
2020-03-14,,,,,0,0
2020-03-15,,,,,0,0
2020-03-16,41.1,42.42,40.55,40.63,1898960,0
2020-03-17,40.12,41.4,39.69,41.4,2474650,0
2020-03-18,41.83,41.91,41.27,41.31,1642800,0
2020-03-19,40.63,41.06,40.63,40.72,1296590,0
2020-03-20,41.14,41.19,40.42,40.72,1291360,0
2020-03-21,,,,,0,0
2020-03-22,,,,,0,0
2020-03-23,39.35,39.82,37.9,37.9,2826690,0
2020-03-24,38.41,38.41,37.13,37.99,2191500,0
2020-03-25,39.27,39.61,38.54,39.27,2131790,0
2020-03-26,38.84,39.14,37.73,37.73,2358310,0
2020-03-27,37.9,37.9,36.62,36.79,2633750,0
2020-03-28,,,,,0,0
2020-03-29,,,,,0,0
2020-03-30,34.57,35.08,34.23,34.49,2157690,0
2020-03-31,35.51,36.19,34.23,35.08,1663050,0
2020-04-01,34.83,36.88,34.83,36.11,1453030,0
2020-04-02,,,,,0,0
2020-04-03,36.7,38.11,36.45,38.07,2072000,0
2020-04-04,,,,,0,0
2020-04-05,,,,,0,0
2020-04-06,39.27,40.55,38.84,40.55,2718990,0
2020-04-07,40.55,40.72,39.69,40.38,2463810,0
2020-04-08,39.35,40.16,39.05,39.99,1576670,0
2020-04-09,40.12,40.63,39.69,39.99,2142370,0
2020-04-10,39.78,40.12,39.18,39.61,1882020,0
2020-04-11,,,,,0,0
2020-04-12,,,,,0,0
2020-04-13,39.61,40.12,39.35,39.69,1255360,0
2020-04-14,40.63,42.25,40.12,42.25,4072050,0
2020-04-15,43.11,43.36,42.55,42.77,2205200,0
2020-04-16,42.42,43.36,42.08,42.94,1508480,0
2020-04-17,43.7,43.79,42.85,43.7,2631630,0
2020-04-18,,,,,0,0
2020-04-19,,,,,0,0
2020-04-20,44.3,44.39,43.28,43.79,2239780,0
2020-04-21,43.11,43.45,41.74,42.08,3737050,0
2020-04-22,41.66,43.7,41.57,43.62,2445860,0
2020-04-23,44.47,44.56,43.53,43.53,1363410,0
2020-04-24,43.45,43.7,42.77,43.53,1411380,0
2020-04-25,,,,,0,0
2020-04-26,,,,,0,0
2020-04-27,43.96,43.96,43.11,43.28,1419750,0
2020-04-28,43.28,43.36,42.85,43.28,974310,0
2020-04-29,43.36,43.88,43.11,43.36,1349230,0
2020-04-30,,,,,0,0
2020-05-01,,,,,0,0
2020-05-02,,,,,0,0
2020-05-03,,,,,0,0
2020-05-04,42.85,43.45,42.68,43.11,895530,0
2020-05-05,43.36,43.53,43.02,43.45,677990,0
2020-05-06,43.53,45.33,43.53,45.16,3470150,0
2020-05-07,45.24,45.67,44.73,45.67,2030720,0
2020-05-08,45.75,47.03,45.75,45.84,3585320,0
2020-05-09,,,,,0,0
2020-05-10,,,,,0,0
2020-05-11,46.09,46.44,45.5,46.09,2119430,0
2020-05-12,46.09,46.44,45.75,46.44,2828190,0
2020-05-13,47.5,49.55,47.4,49.35,6853810,0
2020-05-14,48.95,49.1,48.5,48.7,2597400,0
2020-05-15,48.3,48.9,47.75,48.0,2430890,0
2020-05-16,,,,,0,0
2020-05-17,,,,,0,0
2020-05-18,47.5,48.35,47.4,48.35,2000950,0
2020-05-19,49.2,49.6,48.6,49.25,2879030,0
2020-05-20,49.0,49.0,48.55,48.9,1245380,0
2020-05-21,48.9,49.3,48.85,49.3,2007060,0
2020-05-22,49.0,49.0,48.45,48.45,1731720,0
2020-05-23,,,,,0,0
2020-05-24,,,,,0,0
2020-05-25,48.45,48.6,47.8,48.45,2033000,0
2020-05-26,48.5,48.8,48.35,48.8,1615680,0
2020-05-27,48.9,49.4,48.0,48.0,2098580,0
2020-05-28,48.2,48.6,48.0,48.0,1194380,0
2020-05-29,48.0,48.1,47.5,47.95,1346170,0
2020-05-30,,,,,0,0
2020-05-31,,,,,0,0
2020-06-01,48.0,48.35,48.0,48.3,1298150,0
2020-06-02,48.3,48.4,48.0,48.0,1456730,0
2020-06-03,48.0,48.95,47.9,48.65,1893060,0
2020-06-04,48.9,48.9,48.4,48.4,1260060,0
2020-06-05,48.4,48.7,48.15,48.7,1236200,0
2020-06-06,,,,,0,0
2020-06-07,,,,,0,0
2020-06-08,49.0,50.0,49.0,49.35,4113250,0
2020-06-09,49.6,49.6,48.9,48.95,1491540,0
2020-06-10,49.0,49.0,48.45,48.8,1307540,0
2020-06-11,48.8,48.8,46.0,46.0,4278060,0
2020-06-12,45.0,47.0,45.0,47.0,3145450,0
2020-06-13,,,,,0,0
2020-06-14,,,,,0,0
2020-06-15,48.0,48.0,45.9,46.0,1207500,0
2020-06-16,46.6,46.8,46.3,46.6,1100730,0
2020-06-17,46.7,46.75,46.25,46.35,788630,0
2020-06-18,46.3,46.7,46.15,46.6,822980,0
2020-06-19,46.6,47.0,46.6,46.95,677340,0
2020-06-20,,,,,0,0
2020-06-21,,,,,0,0
2020-06-22,47.0,47.0,46.85,47.0,787180,0
2020-06-23,46.95,48.4,46.75,47.55,1693730,0
2020-06-24,47.9,47.95,47.05,47.2,607000,0
2020-06-25,46.65,47.1,46.6,46.8,730810,0
2020-06-26,46.8,47.15,46.7,46.85,602880,0
2020-06-27,,,,,0,0
2020-06-28,,,,,0,0
2020-06-29,46.6,46.6,45.85,46.05,1281220,0
2020-06-30,46.15,46.4,45.4,45.65,1594210,0
2020-07-01,46.0,46.3,45.8,46.2,866660,0
2020-07-02,46.3,46.3,45.95,46.15,539160,0
2020-07-03,46.5,46.5,46.1,46.25,529760,0
2020-07-04,,,,,0,0
2020-07-05,,,,,0,0
2020-07-06,46.5,46.95,46.3,46.8,1089910,0
2020-07-07,47.0,47.9,47.0,47.45,2739150,0
2020-07-08,47.3,47.9,47.3,47.7,1472610,0
2020-07-09,47.9,48.4,47.8,48.35,2298900,0
2020-07-10,48.1,48.2,47.5,47.8,1164310,0
2020-07-11,,,,,0,0
2020-07-12,,,,,0,0
2020-07-13,48.0,48.95,47.75,48.65,2662490,0
2020-07-14,48.35,48.85,48.3,48.55,1549540,0
2020-07-15,48.75,48.95,48.4,48.6,1516540,0
2020-07-16,48.55,48.75,48.4,48.6,1060530,0
2020-07-17,48.5,48.5,48.1,48.1,1313100,0
2020-07-18,,,,,0,0
2020-07-19,,,,,0,0
2020-07-20,48.1,48.2,47.35,47.4,2049680,0
2020-07-21,47.5,47.95,47.25,47.8,940230,0
2020-07-22,48.0,48.0,47.3,47.4,817890,0
2020-07-23,47.4,47.75,47.1,47.75,918630,0
2020-07-24,47.4,47.55,45.5,45.9,3170540,0
2020-07-25,,,,,0,0
2020-07-26,,,,,0,0
2020-07-27,45.0,45.9,43.6,43.7,3274350,0
2020-07-28,44.4,45.8,44.15,45.7,1953510,0
2020-07-29,44.4,44.9,43.8,44.55,1554200,0
2020-07-30,44.6,45.15,44.6,45.15,612240,0
2020-07-31,44.0,45.2,44.0,44.5,1106250,0
2020-08-01,,,,,0,0
2020-08-02,,,,,0,0
2020-08-03,44.6,45.9,44.6,45.9,1392200,0
2020-08-04,46.5,46.8,46.2,46.55,1051310,0
2020-08-05,46.55,47.15,46.3,47.0,1328520,0
2020-08-06,47.0,47.25,46.7,46.8,1153660,0
2020-08-07,46.8,47.8,46.8,47.1,1283690,0
2020-08-08,,,,,0,0
2020-08-09,,,,,0,0
2020-08-10,47.35,47.8,47.1,47.2,1160370,0
2020-08-11,47.45,47.45,47.0,47.0,1209690,0
2020-08-12,47.1,47.5,46.9,47.5,1233230,0
2020-08-13,47.7,47.95,47.5,47.95,1709100,0
2020-08-14,48.1,48.2,47.45,47.8,1633770,0
2020-08-15,,,,,0,0
2020-08-16,,,,,0,0
2020-08-17,46.9,47.0,46.5,47.0,1048820,0
2020-08-18,47.15,47.15,46.8,46.85,625200,0
2020-08-19,46.9,47.05,46.65,46.85,877190,0
2020-08-20,46.9,47.45,46.85,47.05,1824430,0
2020-08-21,47.25,47.5,47.2,47.4,1260210,0
2020-08-22,,,,,0,0
2020-08-23,,,,,0,0
2020-08-24,47.95,48.6,47.85,48.45,3540210,0
2020-08-25,48.6,48.9,48.55,48.85,3304670,0
2020-08-26,48.8,48.85,48.2,48.4,1328990,0
2020-08-27,48.25,50.1,48.25,49.85,3724990,0
2020-08-28,50.2,51.0,49.9,49.9,4009380,0
2020-08-29,,,,,0,0
2020-08-30,,,,,0,0
2020-08-31,49.9,50.3,49.35,49.5,1940640,0
2020-09-01,49.5,50.5,49.35,49.9,1757410,0
2020-09-02,,,,,0,0
2020-09-03,50.4,50.5,49.9,50.4,2281510,0
2020-09-04,49.6,50.0,49.5,50.0,1538510,0
2020-09-05,,,,,0,0
2020-09-06,,,,,0,0
2020-09-07,49.95,50.0,48.5,48.5,2270970,0
2020-09-08,48.75,49.5,48.5,49.5,1628870,0
2020-09-09,48.65,49.5,48.65,49.2,1490820,0
2020-09-10,49.5,49.8,49.1,49.2,1005950,0
2020-09-11,49.0,49.2,48.85,49.15,872160,0
2020-09-12,,,,,0,0
2020-09-13,,,,,0,0
2020-09-14,49.25,49.5,49.1,49.3,1127400,0
2020-09-15,49.5,50.0,49.3,50.0,1906730,0
2020-09-16,50.0,50.8,50.0,50.5,1918130,0
2020-09-17,50.3,50.5,49.9,50.0,1563010,0
2020-09-18,50.1,51.4,50.1,51.2,3306720,0
2020-09-19,,,,,0,0
2020-09-20,,,,,0,0
2020-09-21,51.2,51.7,51.2,51.2,1530250,0
2020-09-22,50.8,51.3,50.6,51.3,1630570,0
2020-09-23,51.3,51.5,50.8,51.1,1797680,0
2020-09-24,50.7,51.0,50.2,50.5,1728380,0
2020-09-25,50.7,50.8,50.0,50.8,1205550,0
2020-09-26,,,,,0,0
2020-09-27,,,,,0,0
2020-09-28,50.9,51.3,50.6,51.1,1312300,0
2020-09-29,51.4,51.4,50.3,50.6,1523610,0
2020-09-30,50.2,50.4,49.75,50.0,2500310,0
2020-10-01,50.2,50.8,50.2,50.8,905510,0
2020-10-02,50.8,51.1,49.4,50.3,1947940,0
2020-10-03,,,,,0,0
2020-10-04,,,,,0,0
2020-10-05,50.4,50.8,49.9,50.5,1498360,0
2020-10-06,50.8,50.9,50.3,50.5,1520290,0
2020-10-07,50.5,50.7,50.2,50.4,1493710,0
2020-10-08,50.5,51.5,50.3,51.1,3062690,0
2020-10-09,51.0,51.2,50.8,50.8,1173500,0
2020-10-10,,,,,0,0
2020-10-11,,,,,0,0
2020-10-12,50.9,51.4,50.6,50.9,1550680,0
2020-10-13,50.9,51.0,50.5,50.7,1222200,0
2020-10-14,50.8,51.4,50.5,51.0,2409760,0
2020-10-15,51.2,51.4,50.7,51.2,1925370,0
2020-10-16,51.2,53.8,50.9,53.2,5769540,0
2020-10-17,,,,,0,0
2020-10-18,,,,,0,0
2020-10-19,53.6,53.8,53.0,53.3,2333670,0
2020-10-20,53.1,53.3,52.5,53.2,1886160,0
2020-10-21,53.2,54.5,52.8,52.8,3305010,0
2020-10-22,52.8,54.0,52.6,54.0,2346540,0
2020-10-23,54.2,54.5,53.5,53.9,2646310,0
2020-10-24,,,,,0,0
2020-10-25,,,,,0,0
2020-10-26,53.9,54.5,52.8,52.8,3852510,0
2020-10-27,52.9,53.2,52.1,52.1,3188810,0
2020-10-28,52.0,52.4,50.7,50.7,3596230,0
2020-10-29,50.4,51.3,50.2,50.9,2719690,0
2020-10-30,51.5,51.5,50.5,51.5,1469970,0
2020-10-31,,,,,0,0
2020-11-01,,,,,0,0
2020-11-02,51.5,51.7,51.2,51.7,866110,0
2020-11-03,51.9,52.9,51.7,52.8,2562890,0
2020-11-04,53.0,53.3,52.5,53.0,1369690,0
2020-11-05,52.7,53.4,52.0,52.0,1305860,0
2020-11-06,52.4,52.8,52.1,52.4,987260,0
2020-11-07,,,,,0,0
2020-11-08,,,,,0,0
2020-11-09,52.8,53.4,52.7,53.4,2011650,0
2020-11-10,54.0,54.0,53.0,53.0,1739340,0
2020-11-11,53.4,53.4,52.7,53.0,1668230,0
2020-11-12,53.0,53.5,52.9,53.5,1234540,0
2020-11-13,53.8,53.8,53.5,53.8,1318170,0
2020-11-14,,,,,0,0
2020-11-15,,,,,0,0
2020-11-16,54.0,54.4,53.3,53.3,3713690,0
2020-11-17,53.6,54.1,53.0,54.0,2515530,0
2020-11-18,54.3,54.3,53.7,54.0,1757160,0
2020-11-19,54.3,55.9,54.0,55.1,4980430,0
2020-11-20,55.1,55.9,55.1,55.2,1837360,0
2020-11-21,,,,,0,0
2020-11-22,,,,,0,0
2020-11-23,55.2,56.2,54.6,55.9,2824640,0
2020-11-24,55.9,56.5,55.1,55.6,3003940,0
2020-11-25,56.3,56.3,55.2,55.2,1835630,0
2020-11-26,55.3,56.0,54.8,55.7,1635130,0
2020-11-27,55.9,56.2,55.6,56.2,1986420,0
2020-11-28,,,,,0,0
2020-11-29,,,,,0,0
2020-11-30,56.7,56.7,55.4,55.4,2761700,0
2020-12-01,55.0,55.4,54.8,55.2,3427370,0
2020-12-02,55.0,55.7,55.0,55.6,2108200,0
2020-12-03,55.6,55.7,55.1,55.6,1627980,0
2020-12-04,55.4,55.9,55.4,55.7,1380920,0
2020-12-05,,,,,0,0
2020-12-06,,,,,0,0
2020-12-07,55.9,56.0,55.5,55.7,1455180,0
2020-12-08,55.7,56.6,55.5,56.2,2297110,0
2020-12-09,56.3,57.8,56.2,57.5,3001820,0
2020-12-10,57.0,57.7,56.5,56.5,2112490,0
2020-12-11,56.6,57.0,56.3,57.0,1750270,0
2020-12-12,,,,,0,0
2020-12-13,,,,,0,0
2020-12-14,57.0,57.9,56.9,57.2,1443760,0
2020-12-15,57.5,57.5,56.6,56.7,2666900,0
2020-12-16,57.2,57.5,57.0,57.1,1995530,0
2020-12-17,56.9,57.0,56.0,56.5,3594500,0
2020-12-18,56.5,57.0,56.5,56.9,1532820,0
2020-12-19,,,,,0,0
2020-12-20,,,,,0,0
2020-12-21,57.3,57.8,57.1,57.5,2307390,0
2020-12-22,57.4,58.5,57.2,58.1,2576390,0
